query_id,alignment_title,e_value,identity,accession,taxonomy,species
Query_4562539,"gi|389587610|gb|JQ978784.1| Melopsittacus undulatus isolate 4 endogenous budgerigar hepatitis B virus element 2 (eBHBV2), complete sequence",0.0,1168,JQ978784,Eukaryota; Metazoa; Chordata; Craniata; Vertebrata; Euteleostomi; Archelosauria; Archosauria; Dinosauria; Saurischia; Theropoda; Coelurosauria; Aves; Neognathae; Psittaciformes; Psittaculidae; Melopsittacus,Melopsittacus undulatus
Query_4562539,"gi|389587610|gb|JQ978784.1| Melopsittacus undulatus isolate 4 endogenous budgerigar hepatitis B virus element 2 (eBHBV2), complete sequence",4.35876e-61,532,JQ978784,Eukaryota; Metazoa; Chordata; Craniata; Vertebrata; Euteleostomi; Archelosauria; Archosauria; Dinosauria; Saurischia; Theropoda; Coelurosauria; Aves; Neognathae; Psittaciformes; Psittaculidae; Melopsittacus,Melopsittacus undulatus
Query_4562539,"gi|389587608|gb|JQ978782.1| Melopsittacus undulatus isolate 2 endogenous budgerigar hepatitis B virus element 2 (eBHBV2), complete sequence >gi|389587609|gb|JQ978783.1| Melopsittacus undulatus isolate 3 endogenous budgerigar hepatitis B virus element 2 (eBHBV2), complete sequence",0.0,1168,JQ978782,Eukaryota; Metazoa; Chordata; Craniata; Vertebrata; Euteleostomi; Archelosauria; Archosauria; Dinosauria; Saurischia; Theropoda; Coelurosauria; Aves; Neognathae; Psittaciformes; Psittaculidae; Melopsittacus,Melopsittacus undulatus
Query_4562539,"gi|389587608|gb|JQ978782.1| Melopsittacus undulatus isolate 2 endogenous budgerigar hepatitis B virus element 2 (eBHBV2), complete sequence >gi|389587609|gb|JQ978783.1| Melopsittacus undulatus isolate 3 endogenous budgerigar hepatitis B virus element 2 (eBHBV2), complete sequence",1.85339e-59,531,JQ978782,Eukaryota; Metazoa; Chordata; Craniata; Vertebrata; Euteleostomi; Archelosauria; Archosauria; Dinosauria; Saurischia; Theropoda; Coelurosauria; Aves; Neognathae; Psittaciformes; Psittaculidae; Melopsittacus,Melopsittacus undulatus
Query_4562539,"gi|389587607|gb|JQ978781.1| Melopsittacus undulatus isolate 1 endogenous budgerigar hepatitis B virus element 2 (eBHBV2), complete sequence",0.0,1168,JQ978781,Eukaryota; Metazoa; Chordata; Craniata; Vertebrata; Euteleostomi; Archelosauria; Archosauria; Dinosauria; Saurischia; Theropoda; Coelurosauria; Aves; Neognathae; Psittaciformes; Psittaculidae; Melopsittacus,Melopsittacus undulatus
Query_4562539,"gi|389587607|gb|JQ978781.1| Melopsittacus undulatus isolate 1 endogenous budgerigar hepatitis B virus element 2 (eBHBV2), complete sequence",4.35876e-61,532,JQ978781,Eukaryota; Metazoa; Chordata; Craniata; Vertebrata; Euteleostomi; Archelosauria; Archosauria; Dinosauria; Saurischia; Theropoda; Coelurosauria; Aves; Neognathae; Psittaciformes; Psittaculidae; Melopsittacus,Melopsittacus undulatus
Query_4562539,"gi|394953452|tpg|BK008521.1| TPA_exp: Melopsittacus undulatus endogenous budgerigar hepatitis B viruses element 2 (eBHBV2), complete sequence",0.0,1167,BK008521,Eukaryota; Metazoa; Chordata; Craniata; Vertebrata; Euteleostomi; Archelosauria; Archosauria; Dinosauria; Saurischia; Theropoda; Coelurosauria; Aves; Neognathae; Psittaciformes; Psittaculidae; Melopsittacus,Melopsittacus undulatus
Query_4562539,"gi|394953452|tpg|BK008521.1| TPA_exp: Melopsittacus undulatus endogenous budgerigar hepatitis B viruses element 2 (eBHBV2), complete sequence",4.35876e-61,532,BK008521,Eukaryota; Metazoa; Chordata; Craniata; Vertebrata; Euteleostomi; Archelosauria; Archosauria; Dinosauria; Saurischia; Theropoda; Coelurosauria; Aves; Neognathae; Psittaciformes; Psittaculidae; Melopsittacus,Melopsittacus undulatus
Query_4562539,"gi|389587605|gb|JQ978780.1| Melopsittacus undulatus isolate 4 clone SH4L endogenous budgerigar hepatitis B virus element 1 (eBHBV1) putative PreC/C gene, complete cds",0.0,1155,JQ978780,Eukaryota; Metazoa; Chordata; Craniata; Vertebrata; Euteleostomi; Archelosauria; Archosauria; Dinosauria; Saurischia; Theropoda; Coelurosauria; Aves; Neognathae; Psittaciformes; Psittaculidae; Melopsittacus,Melopsittacus undulatus
Query_4562539,"gi|389587605|gb|JQ978780.1| Melopsittacus undulatus isolate 4 clone SH4L endogenous budgerigar hepatitis B virus element 1 (eBHBV1) putative PreC/C gene, complete cds",4.96895e-73,394,JQ978780,Eukaryota; Metazoa; Chordata; Craniata; Vertebrata; Euteleostomi; Archelosauria; Archosauria; Dinosauria; Saurischia; Theropoda; Coelurosauria; Aves; Neognathae; Psittaciformes; Psittaculidae; Melopsittacus,Melopsittacus undulatus
Query_4562539,"gi|389587605|gb|JQ978780.1| Melopsittacus undulatus isolate 4 clone SH4L endogenous budgerigar hepatitis B virus element 1 (eBHBV1) putative PreC/C gene, complete cds",2.75068e-57,543,JQ978780,Eukaryota; Metazoa; Chordata; Craniata; Vertebrata; Euteleostomi; Archelosauria; Archosauria; Dinosauria; Saurischia; Theropoda; Coelurosauria; Aves; Neognathae; Psittaciformes; Psittaculidae; Melopsittacus,Melopsittacus undulatus
Query_4562539,"gi|389587603|gb|JQ978779.1| Melopsittacus undulatus isolate 3 clone SH3L endogenous budgerigar hepatitis B virus element 1 (eBHBV1) putative PreC/C gene, complete cds",0.0,1155,JQ978779,Eukaryota; Metazoa; Chordata; Craniata; Vertebrata; Euteleostomi; Archelosauria; Archosauria; Dinosauria; Saurischia; Theropoda; Coelurosauria; Aves; Neognathae; Psittaciformes; Psittaculidae; Melopsittacus,Melopsittacus undulatus
Query_4562539,"gi|389587603|gb|JQ978779.1| Melopsittacus undulatus isolate 3 clone SH3L endogenous budgerigar hepatitis B virus element 1 (eBHBV1) putative PreC/C gene, complete cds",4.96895e-73,394,JQ978779,Eukaryota; Metazoa; Chordata; Craniata; Vertebrata; Euteleostomi; Archelosauria; Archosauria; Dinosauria; Saurischia; Theropoda; Coelurosauria; Aves; Neognathae; Psittaciformes; Psittaculidae; Melopsittacus,Melopsittacus undulatus
Query_4562539,"gi|389587603|gb|JQ978779.1| Melopsittacus undulatus isolate 3 clone SH3L endogenous budgerigar hepatitis B virus element 1 (eBHBV1) putative PreC/C gene, complete cds",2.75068e-57,543,JQ978779,Eukaryota; Metazoa; Chordata; Craniata; Vertebrata; Euteleostomi; Archelosauria; Archosauria; Dinosauria; Saurischia; Theropoda; Coelurosauria; Aves; Neognathae; Psittaciformes; Psittaculidae; Melopsittacus,Melopsittacus undulatus
Query_4562539,"gi|389587601|gb|JQ978778.1| Melopsittacus undulatus isolate 2 clone SH2Ld endogenous budgerigar hepatitis B virus element 1 (eBHBV1) putative PreC/C gene, complete cds",0.0,1155,JQ978778,Eukaryota; Metazoa; Chordata; Craniata; Vertebrata; Euteleostomi; Archelosauria; Archosauria; Dinosauria; Saurischia; Theropoda; Coelurosauria; Aves; Neognathae; Psittaciformes; Psittaculidae; Melopsittacus,Melopsittacus undulatus
Query_4562539,"gi|389587601|gb|JQ978778.1| Melopsittacus undulatus isolate 2 clone SH2Ld endogenous budgerigar hepatitis B virus element 1 (eBHBV1) putative PreC/C gene, complete cds",1.16859e-74,395,JQ978778,Eukaryota; Metazoa; Chordata; Craniata; Vertebrata; Euteleostomi; Archelosauria; Archosauria; Dinosauria; Saurischia; Theropoda; Coelurosauria; Aves; Neognathae; Psittaciformes; Psittaculidae; Melopsittacus,Melopsittacus undulatus
Query_4562539,"gi|389587601|gb|JQ978778.1| Melopsittacus undulatus isolate 2 clone SH2Ld endogenous budgerigar hepatitis B virus element 1 (eBHBV1) putative PreC/C gene, complete cds",2.75068e-57,543,JQ978778,Eukaryota; Metazoa; Chordata; Craniata; Vertebrata; Euteleostomi; Archelosauria; Archosauria; Dinosauria; Saurischia; Theropoda; Coelurosauria; Aves; Neognathae; Psittaciformes; Psittaculidae; Melopsittacus,Melopsittacus undulatus
Query_4562539,"gi|389587593|gb|JQ978774.1| Melopsittacus undulatus isolate 1 clone SH1L endogenous budgerigar hepatitis B virus element 1 (eBHBV1) putative PreC/C gene, complete cds >gi|389587599|gb|JQ978777.1| Melopsittacus undulatus isolate 2 clone SH2Lc endogenous budgerigar hepatitis B virus element 1 (eBHBV1) putative PreC/C gene, complete cds",0.0,1155,JQ978774,Eukaryota; Metazoa; Chordata; Craniata; Vertebrata; Euteleostomi; Archelosauria; Archosauria; Dinosauria; Saurischia; Theropoda; Coelurosauria; Aves; Neognathae; Psittaciformes; Psittaculidae; Melopsittacus,Melopsittacus undulatus
Query_4562539,"gi|389587593|gb|JQ978774.1| Melopsittacus undulatus isolate 1 clone SH1L endogenous budgerigar hepatitis B virus element 1 (eBHBV1) putative PreC/C gene, complete cds >gi|389587599|gb|JQ978777.1| Melopsittacus undulatus isolate 2 clone SH2Lc endogenous budgerigar hepatitis B virus element 1 (eBHBV1) putative PreC/C gene, complete cds",4.96895e-73,394,JQ978774,Eukaryota; Metazoa; Chordata; Craniata; Vertebrata; Euteleostomi; Archelosauria; Archosauria; Dinosauria; Saurischia; Theropoda; Coelurosauria; Aves; Neognathae; Psittaciformes; Psittaculidae; Melopsittacus,Melopsittacus undulatus
Query_4562539,"gi|389587593|gb|JQ978774.1| Melopsittacus undulatus isolate 1 clone SH1L endogenous budgerigar hepatitis B virus element 1 (eBHBV1) putative PreC/C gene, complete cds >gi|389587599|gb|JQ978777.1| Melopsittacus undulatus isolate 2 clone SH2Lc endogenous budgerigar hepatitis B virus element 1 (eBHBV1) putative PreC/C gene, complete cds",2.75068e-57,543,JQ978774,Eukaryota; Metazoa; Chordata; Craniata; Vertebrata; Euteleostomi; Archelosauria; Archosauria; Dinosauria; Saurischia; Theropoda; Coelurosauria; Aves; Neognathae; Psittaciformes; Psittaculidae; Melopsittacus,Melopsittacus undulatus
Query_4562539,"gi|394953447|tpg|BK008520.1| TPA_exp: Melopsittacus undulatus endogenous budgerigar hepatitis B viruses element 1 (eBHBV1), complete sequence",0.0,1153,BK008520,Eukaryota; Metazoa; Chordata; Craniata; Vertebrata; Euteleostomi; Archelosauria; Archosauria; Dinosauria; Saurischia; Theropoda; Coelurosauria; Aves; Neognathae; Psittaciformes; Psittaculidae; Melopsittacus,Melopsittacus undulatus
Query_4562539,"gi|394953447|tpg|BK008520.1| TPA_exp: Melopsittacus undulatus endogenous budgerigar hepatitis B viruses element 1 (eBHBV1), complete sequence",1.73434e-72,396,BK008520,Eukaryota; Metazoa; Chordata; Craniata; Vertebrata; Euteleostomi; Archelosauria; Archosauria; Dinosauria; Saurischia; Theropoda; Coelurosauria; Aves; Neognathae; Psittaciformes; Psittaculidae; Melopsittacus,Melopsittacus undulatus
Query_4562539,"gi|394953447|tpg|BK008520.1| TPA_exp: Melopsittacus undulatus endogenous budgerigar hepatitis B viruses element 1 (eBHBV1), complete sequence",2.75068e-57,543,BK008520,Eukaryota; Metazoa; Chordata; Craniata; Vertebrata; Euteleostomi; Archelosauria; Archosauria; Dinosauria; Saurischia; Theropoda; Coelurosauria; Aves; Neognathae; Psittaciformes; Psittaculidae; Melopsittacus,Melopsittacus undulatus
Query_4562539,"gi|389587595|gb|JQ978775.1| Melopsittacus undulatus isolate 2 clone SH2La endogenous budgerigar hepatitis B virus element 1 (eBHBV1) putative PreC/C gene, complete cds",0.0,1155,JQ978775,Eukaryota; Metazoa; Chordata; Craniata; Vertebrata; Euteleostomi; Archelosauria; Archosauria; Dinosauria; Saurischia; Theropoda; Coelurosauria; Aves; Neognathae; Psittaciformes; Psittaculidae; Melopsittacus,Melopsittacus undulatus
Query_4562539,"gi|389587595|gb|JQ978775.1| Melopsittacus undulatus isolate 2 clone SH2La endogenous budgerigar hepatitis B virus element 1 (eBHBV1) putative PreC/C gene, complete cds",1.16859e-74,395,JQ978775,Eukaryota; Metazoa; Chordata; Craniata; Vertebrata; Euteleostomi; Archelosauria; Archosauria; Dinosauria; Saurischia; Theropoda; Coelurosauria; Aves; Neognathae; Psittaciformes; Psittaculidae; Melopsittacus,Melopsittacus undulatus
Query_4562539,"gi|389587595|gb|JQ978775.1| Melopsittacus undulatus isolate 2 clone SH2La endogenous budgerigar hepatitis B virus element 1 (eBHBV1) putative PreC/C gene, complete cds",2.75068e-57,543,JQ978775,Eukaryota; Metazoa; Chordata; Craniata; Vertebrata; Euteleostomi; Archelosauria; Archosauria; Dinosauria; Saurischia; Theropoda; Coelurosauria; Aves; Neognathae; Psittaciformes; Psittaculidae; Melopsittacus,Melopsittacus undulatus
Query_4562539,"gi|389587597|gb|JQ978776.1| Melopsittacus undulatus isolate 2 clone SH2Lb endogenous budgerigar hepatitis B virus element 1 (eBHBV1) putative PreC/C gene, complete cds",0.0,1154,JQ978776,Eukaryota; Metazoa; Chordata; Craniata; Vertebrata; Euteleostomi; Archelosauria; Archosauria; Dinosauria; Saurischia; Theropoda; Coelurosauria; Aves; Neognathae; Psittaciformes; Psittaculidae; Melopsittacus,Melopsittacus undulatus
Query_4562539,"gi|389587597|gb|JQ978776.1| Melopsittacus undulatus isolate 2 clone SH2Lb endogenous budgerigar hepatitis B virus element 1 (eBHBV1) putative PreC/C gene, complete cds",1.16859e-74,395,JQ978776,Eukaryota; Metazoa; Chordata; Craniata; Vertebrata; Euteleostomi; Archelosauria; Archosauria; Dinosauria; Saurischia; Theropoda; Coelurosauria; Aves; Neognathae; Psittaciformes; Psittaculidae; Melopsittacus,Melopsittacus undulatus
Query_4562539,"gi|389587597|gb|JQ978776.1| Melopsittacus undulatus isolate 2 clone SH2Lb endogenous budgerigar hepatitis B virus element 1 (eBHBV1) putative PreC/C gene, complete cds",2.75068e-57,543,JQ978776,Eukaryota; Metazoa; Chordata; Craniata; Vertebrata; Euteleostomi; Archelosauria; Archosauria; Dinosauria; Saurischia; Theropoda; Coelurosauria; Aves; Neognathae; Psittaciformes; Psittaculidae; Melopsittacus,Melopsittacus undulatus
Query_4562539,"gi|2040242779|emb|OU015527.1| Caprimulgus europaeus genome assembly, chromosome: Z",6.03741e-129,514,OU015527,Eukaryota; Metazoa; Chordata; Craniata; Vertebrata; Euteleostomi; Archelosauria; Archosauria; Dinosauria; Saurischia; Theropoda; Coelurosauria; Aves; Neognathae; Caprimulgimorphae; Caprimulgiformes; Caprimulgidae; Caprimulginae; Caprimulgus,Caprimulgus europaeus
Query_4562539,"gi|312435204|gb|HQ116572.1| Taeniopygia guttata endogenous zebra finch hepadnavirus fragment j, genomic sequence",1.2466e-99,417,HQ116572,Eukaryota; Metazoa; Chordata; Craniata; Vertebrata; Euteleostomi; Archelosauria; Archosauria; Dinosauria; Saurischia; Theropoda; Coelurosauria; Aves; Neognathae; Passeriformes; Passeroidea; Estrildidae; Estrildinae; Taeniopygia,Taeniopygia guttata
Query_4562539,"gi|312435209|gb|HQ116577.1| Taeniopygia guttata endogenous zebra finch hepadnavirus fragment l, genomic sequence",4.07516e-93,321,HQ116577,Eukaryota; Metazoa; Chordata; Craniata; Vertebrata; Euteleostomi; Archelosauria; Archosauria; Dinosauria; Saurischia; Theropoda; Coelurosauria; Aves; Neognathae; Passeriformes; Passeroidea; Estrildidae; Estrildinae; Taeniopygia,Taeniopygia guttata
Query_4562539,"gi|498923446|gb|KC750096.1| Buteo lagopus lagopus FRY gene, partial sequence; and endogenous virus endogenous virus ZHBV, complete sequence",4.07516e-93,411,KC750096,Eukaryota; Metazoa; Chordata; Craniata; Vertebrata; Euteleostomi; Archelosauria; Archosauria; Dinosauria; Saurischia; Theropoda; Coelurosauria; Aves; Neognathae; Accipitriformes; Accipitridae; Accipitrinae; Buteo,Buteo lagopus lagopus
Query_4562539,"gi|498923446|gb|KC750096.1| Buteo lagopus lagopus FRY gene, partial sequence; and endogenous virus endogenous virus ZHBV, complete sequence",3.58738e-05,106,KC750096,Eukaryota; Metazoa; Chordata; Craniata; Vertebrata; Euteleostomi; Archelosauria; Archosauria; Dinosauria; Saurischia; Theropoda; Coelurosauria; Aves; Neognathae; Accipitriformes; Accipitridae; Accipitrinae; Buteo,Buteo lagopus lagopus
Query_4562539,"gi|2390895757|emb|OX381657.1| Haliaeetus albicilla genome assembly, chromosome: 20",4.96457e-92,408,OX381657,Eukaryota; Metazoa; Chordata; Craniata; Vertebrata; Euteleostomi; Archelosauria; Archosauria; Dinosauria; Saurischia; Theropoda; Coelurosauria; Aves; Neognathae; Accipitriformes; Accipitridae; Accipitrinae; Haliaeetus,Haliaeetus albicilla
Query_4562539,"gi|2390895757|emb|OX381657.1| Haliaeetus albicilla genome assembly, chromosome: 20",1.0278e-05,107,OX381657,Eukaryota; Metazoa; Chordata; Craniata; Vertebrata; Euteleostomi; Archelosauria; Archosauria; Dinosauria; Saurischia; Theropoda; Coelurosauria; Aves; Neognathae; Accipitriformes; Accipitridae; Accipitrinae; Haliaeetus,Haliaeetus albicilla
Query_4562539,"gi|1698048582|emb|LR606199.1| Aquila chrysaetos chrysaetos genome assembly, chromosome: 19",2.11099e-90,410,LR606199,Eukaryota; Metazoa; Chordata; Craniata; Vertebrata; Euteleostomi; Archelosauria; Archosauria; Dinosauria; Saurischia; Theropoda; Coelurosauria; Aves; Neognathae; Accipitriformes; Accipitridae; Accipitrinae; Aquila,Aquila chrysaetos chrysaetos
Query_4562539,"gi|1698048582|emb|LR606199.1| Aquila chrysaetos chrysaetos genome assembly, chromosome: 19",2.9447e-06,107,LR606199,Eukaryota; Metazoa; Chordata; Craniata; Vertebrata; Euteleostomi; Archelosauria; Archosauria; Dinosauria; Saurischia; Theropoda; Coelurosauria; Aves; Neognathae; Accipitriformes; Accipitridae; Accipitrinae; Aquila,Aquila chrysaetos chrysaetos
Query_4562539,"gi|2191808366|emb|OV839380.1| Accipiter gentilis genome assembly, chromosome: 19",8.97615e-89,408,OV839380,Eukaryota; Metazoa; Chordata; Craniata; Vertebrata; Euteleostomi; Archelosauria; Archosauria; Dinosauria; Saurischia; Theropoda; Coelurosauria; Aves; Neognathae; Accipitriformes; Accipitridae; Accipitrinae; Accipiter,Accipiter gentilis
Query_4562539,"gi|2191808366|emb|OV839380.1| Accipiter gentilis genome assembly, chromosome: 19",0.0185831,36,OV839380,Eukaryota; Metazoa; Chordata; Craniata; Vertebrata; Euteleostomi; Archelosauria; Archosauria; Dinosauria; Saurischia; Theropoda; Coelurosauria; Aves; Neognathae; Accipitriformes; Accipitridae; Accipitrinae; Accipiter,Accipiter gentilis
Query_4562539,"gi|2582879784|emb|OY740742.1| Fringilla coelebs genome assembly, chromosome: 18",1.09352e-87,340,OY740742,Eukaryota; Metazoa; Chordata; Craniata; Vertebrata; Euteleostomi; Archelosauria; Archosauria; Dinosauria; Saurischia; Theropoda; Coelurosauria; Aves; Neognathae; Passeriformes; Passeroidea; Fringillidae; Fringillinae; Fringilla,Fringilla coelebs
Query_4562539,"gi|498923449|gb|KC750099.1| Chroicocephalus ridibundus ridibundus FRY gene, partial sequence; and endogenous virus endogenous virus ZHBV, complete sequence",1.2477e-80,396,KC750099,Eukaryota; Metazoa; Chordata; Craniata; Vertebrata; Euteleostomi; Archelosauria; Archosauria; Dinosauria; Saurischia; Theropoda; Coelurosauria; Aves; Neognathae; Charadriiformes; Laridae; Chroicocephalus,Chroicocephalus ridibundus ridibundus
Query_4562539,"gi|498923449|gb|KC750099.1| Chroicocephalus ridibundus ridibundus FRY gene, partial sequence; and endogenous virus endogenous virus ZHBV, complete sequence",0.000125212,117,KC750099,Eukaryota; Metazoa; Chordata; Craniata; Vertebrata; Euteleostomi; Archelosauria; Archosauria; Dinosauria; Saurischia; Theropoda; Coelurosauria; Aves; Neognathae; Charadriiformes; Laridae; Chroicocephalus,Chroicocephalus ridibundus ridibundus
Query_4562539,"gi|2565977190|emb|OY725435.1| Psittacula echo genome assembly, chromosome: 15",1.85176e-78,399,OY725435,Eukaryota; Metazoa; Chordata; Craniata; Vertebrata; Euteleostomi; Archelosauria; Archosauria; Dinosauria; Saurischia; Theropoda; Coelurosauria; Aves; Neognathae; Psittaciformes; Psittacidae; Psittacula,Psittacula echo
Query_4562539,"gi|2458715570|ref|XM_054201948.1| PREDICTED: Rissa tridactyla FRY microtubule binding protein (FRY), transcript variant X13, mRNA",6.46327e-78,387,XM_054201948,Eukaryota; Metazoa; Chordata; Craniata; Vertebrata; Euteleostomi; Archelosauria; Archosauria; Dinosauria; Saurischia; Theropoda; Coelurosauria; Aves; Neognathae; Charadriiformes; Laridae; Rissa,Rissa tridactyla
Query_4562539,"gi|498923451|gb|KC750101.1| Columba palumbus palumbus FRY gene, partial sequence; and endogenous virus endogenous virus ZHBV, complete sequence",2.57398e-70,387,KC750101,Eukaryota; Metazoa; Chordata; Craniata; Vertebrata; Euteleostomi; Archelosauria; Archosauria; Dinosauria; Saurischia; Theropoda; Coelurosauria; Aves; Neognathae; Columbiformes; Columbidae; Columba,Columba palumbus palumbus
Query_4562539,"gi|2633418340|ref|XR_009725779.1| PREDICTED: Neopsephotus bourkii uncharacterized LOC133213316 (LOC133213316), ncRNA",1.97887e-65,392,XR_009725779,Eukaryota; Metazoa; Chordata; Craniata; Vertebrata; Euteleostomi; Archelosauria; Archosauria; Dinosauria; Saurischia; Theropoda; Coelurosauria; Aves; Neognathae; Psittaciformes; Psittacidae; Neopsephotus,Neopsephotus bourkii
Query_4562539,"gi|2452522183|ref|XM_054057283.1| PREDICTED: Cuculus canorus FRY microtubule binding protein (FRY), transcript variant X9, mRNA",2.93691e-63,376,XM_054057283,Eukaryota; Metazoa; Chordata; Craniata; Vertebrata; Euteleostomi; Archelosauria; Archosauria; Dinosauria; Saurischia; Theropoda; Coelurosauria; Aves; Neognathae; Cuculiformes; Cuculidae; Cuculus,Cuculus canorus
Query_4562539,"gi|704173517|ref|XM_010134390.1| PREDICTED: Buceros rhinoceros silvestris protein furry homolog (LOC104491905), partial mRNA",5.31006e-60,345,XM_010134390,Eukaryota; Metazoa; Chordata; Craniata; Vertebrata; Euteleostomi; Archelosauria; Archosauria; Dinosauria; Saurischia; Theropoda; Coelurosauria; Aves; Neognathae; Bucerotiformes; Bucerotidae; Buceros,Buceros rhinoceros silvestris
Query_4562539,"gi|2565977176|emb|OY725426.1| Psittacula echo genome assembly, chromosome: 6",6.46898e-59,226,OY725426,Eukaryota; Metazoa; Chordata; Craniata; Vertebrata; Euteleostomi; Archelosauria; Archosauria; Dinosauria; Saurischia; Theropoda; Coelurosauria; Aves; Neognathae; Psittaciformes; Psittacidae; Psittacula,Psittacula echo
Query_4562539,"gi|2565977176|emb|OY725426.1| Psittacula echo genome assembly, chromosome: 6",4.08237e-55,232,OY725426,Eukaryota; Metazoa; Chordata; Craniata; Vertebrata; Euteleostomi; Archelosauria; Archosauria; Dinosauria; Saurischia; Theropoda; Coelurosauria; Aves; Neognathae; Psittaciformes; Psittacidae; Psittacula,Psittacula echo
Query_4562539,"gi|312435205|gb|HQ116573.1| Erythrura gouldiae endogenous zebra finch hepadnavirus fragment l, genomic sequence",7.88083e-58,196,HQ116573,Eukaryota; Metazoa; Chordata; Craniata; Vertebrata; Euteleostomi; Archelosauria; Archosauria; Dinosauria; Saurischia; Theropoda; Coelurosauria; Aves; Neognathae; Passeriformes; Passeroidea; Passeridae; Chloebia,Chloebia gouldiae
Query_4562539,"gi|312435207|gb|HQ116575.1| Poephila cincta endogenous zebra finch hepadnavirus fragment l, genomic sequence",3.35101e-56,195,HQ116575,Eukaryota; Metazoa; Chordata; Craniata; Vertebrata; Euteleostomi; Archelosauria; Archosauria; Dinosauria; Saurischia; Theropoda; Coelurosauria; Aves; Neognathae; Passeriformes; Passeroidea; Estrildidae; Estrildinae; Poephila,Poephila cincta
Query_4562539,"gi|498923439|gb|KC750089.1| Nestor notabilis FRY gene, partial sequence; and endogenous virus endogenous virus ZHBV, complete sequence",1.16962e-55,378,KC750089,Eukaryota; Metazoa; Chordata; Craniata; Vertebrata; Euteleostomi; Archelosauria; Archosauria; Dinosauria; Saurischia; Theropoda; Coelurosauria; Aves; Neognathae; Psittaciformes; Psittacidae; Nestor,Nestor notabilis
Query_4562539,"gi|312435208|gb|HQ116576.1| Junco hyemalisendogenous zebra finch hepadnavirus fragment l, genomic sequence",1.16962e-55,188,HQ116576,Eukaryota; Metazoa; Chordata; Craniata; Vertebrata; Euteleostomi; Archelosauria; Archosauria; Dinosauria; Saurischia; Theropoda; Coelurosauria; Aves; Neognathae; Passeriformes; Passerellidae; Junco,Junco hyemalis
Query_4562539,"gi|2565977172|emb|OY725425.1| Psittacula echo genome assembly, chromosome: 5",6.05877e-53,232,OY725425,Eukaryota; Metazoa; Chordata; Craniata; Vertebrata; Euteleostomi; Archelosauria; Archosauria; Dinosauria; Saurischia; Theropoda; Coelurosauria; Aves; Neognathae; Psittaciformes; Psittacidae; Psittacula,Psittacula echo
Query_4562539,"gi|2565977172|emb|OY725425.1| Psittacula echo genome assembly, chromosome: 5",4.98214e-16,100,OY725425,Eukaryota; Metazoa; Chordata; Craniata; Vertebrata; Euteleostomi; Archelosauria; Archosauria; Dinosauria; Saurischia; Theropoda; Coelurosauria; Aves; Neognathae; Psittaciformes; Psittacidae; Psittacula,Psittacula echo
Query_4562539,"gi|2565977172|emb|OY725425.1| Psittacula echo genome assembly, chromosome: 5",2.75798,36,OY725425,Eukaryota; Metazoa; Chordata; Craniata; Vertebrata; Euteleostomi; Archelosauria; Archosauria; Dinosauria; Saurischia; Theropoda; Coelurosauria; Aves; Neognathae; Psittaciformes; Psittacidae; Psittacula,Psittacula echo
Query_4562539,"gi|2040243265|emb|OU015546.1| Caprimulgus europaeus genome assembly, chromosome: 22",8.99202e-51,170,OU015546,Eukaryota; Metazoa; Chordata; Craniata; Vertebrata; Euteleostomi; Archelosauria; Archosauria; Dinosauria; Saurischia; Theropoda; Coelurosauria; Aves; Neognathae; Caprimulgimorphae; Caprimulgiformes; Caprimulgidae; Caprimulginae; Caprimulgus,Caprimulgus europaeus
Query_4562539,"gi|1862942517|emb|LS423640.1| Anas platyrhynchos genome assembly, chromosome: Z",8.42183e-45,303,LS423640,Eukaryota; Metazoa; Chordata; Craniata; Vertebrata; Euteleostomi; Archelosauria; Archosauria; Dinosauria; Saurischia; Theropoda; Coelurosauria; Aves; Neognathae; Galloanserae; Anseriformes; Anatidae; Anatinae; Anas,Anas platyrhynchos
Query_4562539,"gi|2505156443|emb|OX598305.1| Somateria mollissima genome assembly, chromosome: Z",1.02599e-43,302,OX598305,Eukaryota; Metazoa; Chordata; Craniata; Vertebrata; Euteleostomi; Archelosauria; Archosauria; Dinosauria; Saurischia; Theropoda; Coelurosauria; Aves; Neognathae; Galloanserae; Anseriformes; Anatidae; Anatinae; Somateria,Somateria mollissima
Query_4562539,"gi|312435206|gb|HQ116574.1| Lonchura punctulata endogenous zebra finch hepadnavirus fragment l, genomic sequence",3.58105e-43,184,HQ116574,Eukaryota; Metazoa; Chordata; Craniata; Vertebrata; Euteleostomi; Archelosauria; Archosauria; Dinosauria; Saurischia; Theropoda; Coelurosauria; Aves; Neognathae; Passeriformes; Passeroidea; Estrildidae; Estrildinae; Lonchura,Lonchura punctulata
Query_4562539,"gi|2565455034|emb|OY723447.1| Falco punctatus genome assembly, chromosome: 14",2.25989e-39,193,OY723447,Eukaryota; Metazoa; Chordata; Craniata; Vertebrata; Euteleostomi; Archelosauria; Archosauria; Dinosauria; Saurischia; Theropoda; Coelurosauria; Aves; Neognathae; Falconiformes; Falconidae; Falco,Falco punctatus
Query_4562539,"gi|498923482|gb|KC750132.1| Carpodacus erythrinus erythrinus marker 6 genomic sequence; and endogenous virus endogenous virus ZHBV, complete sequence",4.08598e-36,135,KC750132,Eukaryota; Metazoa; Chordata; Craniata; Vertebrata; Euteleostomi; Archelosauria; Archosauria; Dinosauria; Saurischia; Theropoda; Coelurosauria; Aves; Neognathae; Passeriformes; Passeroidea; Fringillidae; Carduelinae; Carpodacus,Carpodacus erythrinus erythrinus
Query_4562539,"gi|498923436|gb|KC750086.1| Cinnyris asiaticus asiaticus FRY gene, partial sequence; and endogenous virus endogenous virus ZHBV, complete sequence",2.11659e-33,269,KC750086,Eukaryota; Metazoa; Chordata; Craniata; Vertebrata; Euteleostomi; Archelosauria; Archosauria; Dinosauria; Saurischia; Theropoda; Coelurosauria; Aves; Neognathae; Passeriformes; Passeroidea; Nectariniidae; Cinnyris,Cinnyris asiaticus asiaticus
Query_4562539,"gi|498923481|gb|KC750131.1| Anthus pratensis pratensis marker 6 genomic sequence; and endogenous virus endogenous virus ZHBV, complete sequence",1.33571e-29,140,KC750131,Eukaryota; Metazoa; Chordata; Craniata; Vertebrata; Euteleostomi; Archelosauria; Archosauria; Dinosauria; Saurischia; Theropoda; Coelurosauria; Aves; Neognathae; Passeriformes; Passeroidea; Motacillidae; Anthus,Anthus pratensis pratensis
Query_4562539,"gi|498923483|gb|KC750133.1| Prunella modularis modularis marker 6 genomic sequence; and endogenous virus endogenous virus ZHBV, complete sequence",1.62723e-28,129,KC750133,Eukaryota; Metazoa; Chordata; Craniata; Vertebrata; Euteleostomi; Archelosauria; Archosauria; Dinosauria; Saurischia; Theropoda; Coelurosauria; Aves; Neognathae; Passeriformes; Passeroidea; Prunellidae; Prunella,Prunella modularis modularis
Query_4562539,"gi|2582879788|emb|OY740744.1| Fringilla coelebs genome assembly, chromosome: 20",1.98237e-27,129,OY740744,Eukaryota; Metazoa; Chordata; Craniata; Vertebrata; Euteleostomi; Archelosauria; Archosauria; Dinosauria; Saurischia; Theropoda; Coelurosauria; Aves; Neognathae; Passeriformes; Passeroidea; Fringillidae; Fringillinae; Fringilla,Fringilla coelebs
Query_4562539,"gi|2582879815|emb|OY740748.1| Fringilla coelebs genome assembly, chromosome: 24",1.02689e-24,147,OY740748,Eukaryota; Metazoa; Chordata; Craniata; Vertebrata; Euteleostomi; Archelosauria; Archosauria; Dinosauria; Saurischia; Theropoda; Coelurosauria; Aves; Neognathae; Passeriformes; Passeroidea; Fringillidae; Fringillinae; Fringilla,Fringilla coelebs
Query_4562539,"gi|498923459|gb|KC750109.1| Carpodacus erythrinus erythrinus MAST3 gene, partial sequence; and endogenous virus endogenous virus ZHBV, complete sequence",1.02689e-24,129,KC750109,Eukaryota; Metazoa; Chordata; Craniata; Vertebrata; Euteleostomi; Archelosauria; Archosauria; Dinosauria; Saurischia; Theropoda; Coelurosauria; Aves; Neognathae; Passeriformes; Passeroidea; Fringillidae; Carduelinae; Carpodacus,Carpodacus erythrinus erythrinus
Query_4562539,"gi|498923461|gb|KC750111.1| Chloropsis aurifrons aurifrons MAST3 gene, partial sequence; and endogenous virus endogenous virus ZHBV, complete sequence",1.52405e-22,146,KC750111,Eukaryota; Metazoa; Chordata; Craniata; Vertebrata; Euteleostomi; Archelosauria; Archosauria; Dinosauria; Saurischia; Theropoda; Coelurosauria; Aves; Neognathae; Passeriformes; Corvoidea; Irenidae; Chloropsis,Chloropsis aurifrons aurifrons
Query_4562539,"gi|498923437|gb|KC750087.1| Poecile palustris palustris FRY gene, partial sequence; and endogenous virus endogenous virus ZHBV, complete sequence",5.31945e-22,131,KC750087,Eukaryota; Metazoa; Chordata; Craniata; Vertebrata; Euteleostomi; Archelosauria; Archosauria; Dinosauria; Saurischia; Theropoda; Coelurosauria; Aves; Neognathae; Passeriformes; Paridae; Poecile,Poecile palustris palustris
Query_4562539,"gi|498923488|gb|KC750138.1| Carpodacus erythrinus erythrinus marker 5 genomic sequence; and endogenous virus endogenous virus ZHBV, complete sequence",4.98214e-16,80,KC750138,Eukaryota; Metazoa; Chordata; Craniata; Vertebrata; Euteleostomi; Archelosauria; Archosauria; Dinosauria; Saurischia; Theropoda; Coelurosauria; Aves; Neognathae; Passeriformes; Passeroidea; Fringillidae; Carduelinae; Carpodacus,Carpodacus erythrinus erythrinus
Query_4562539,"gi|498923460|gb|KC750110.1| Prunella modularis modularis MAST3 gene, partial sequence; and endogenous virus endogenous virus ZHBV, complete sequence",4.98214e-16,80,KC750110,Eukaryota; Metazoa; Chordata; Craniata; Vertebrata; Euteleostomi; Archelosauria; Archosauria; Dinosauria; Saurischia; Theropoda; Coelurosauria; Aves; Neognathae; Passeriformes; Passeroidea; Prunellidae; Prunella,Prunella modularis modularis
Query_4562539,"gi|2582879811|emb|OY740747.1| Fringilla coelebs genome assembly, chromosome: 23",1.73894e-15,113,OY740747,Eukaryota; Metazoa; Chordata; Craniata; Vertebrata; Euteleostomi; Archelosauria; Archosauria; Dinosauria; Saurischia; Theropoda; Coelurosauria; Aves; Neognathae; Passeriformes; Passeroidea; Fringillidae; Fringillinae; Fringilla,Fringilla coelebs
Query_4562539,"gi|498923489|gb|KC750139.1| Prunella modularis modularis marker 5 genomic sequence; and endogenous virus endogenous virus ZHBV, complete sequence",2.11846e-14,74,KC750139,Eukaryota; Metazoa; Chordata; Craniata; Vertebrata; Euteleostomi; Archelosauria; Archosauria; Dinosauria; Saurischia; Theropoda; Coelurosauria; Aves; Neognathae; Passeriformes; Passeroidea; Prunellidae; Prunella,Prunella modularis modularis
Query_4562539,"gi|498923458|gb|KC750108.1| Anthus pratensis pratensis MAST3 gene, partial sequence; and endogenous virus endogenous virus ZHBV, complete sequence",7.39415e-14,128,KC750108,Eukaryota; Metazoa; Chordata; Craniata; Vertebrata; Euteleostomi; Archelosauria; Archosauria; Dinosauria; Saurischia; Theropoda; Coelurosauria; Aves; Neognathae; Passeriformes; Passeroidea; Motacillidae; Anthus,Anthus pratensis pratensis
Query_4562539,"gi|841904808|emb|LK064875.1| Apteryx australis mantelli genome assembly AptMant0, scaffold scaffold303",2.58081e-13,99,LK064875,Eukaryota; Metazoa; Chordata; Craniata; Vertebrata; Euteleostomi; Archelosauria; Archosauria; Dinosauria; Saurischia; Theropoda; Coelurosauria; Aves; Palaeognathae; Apterygiformes; Apterygidae; Apteryx; Apteryx mantelli,Apteryx mantelli mantelli
Query_4562539,"gi|2582881100|emb|OY740733.1| Fringilla coelebs genome assembly, chromosome: 9",9.00791e-13,55,OY740733,Eukaryota; Metazoa; Chordata; Craniata; Vertebrata; Euteleostomi; Archelosauria; Archosauria; Dinosauria; Saurischia; Theropoda; Coelurosauria; Aves; Neognathae; Passeriformes; Passeroidea; Fringillidae; Fringillinae; Fringilla,Fringilla coelebs
Query_4562539,"gi|498923495|gb|KC750145.1| Prunella modularis modularis marker 4 genomic sequence; and endogenous virus endogenous virus ZHBV, complete sequence",1.33689e-10,76,KC750145,Eukaryota; Metazoa; Chordata; Craniata; Vertebrata; Euteleostomi; Archelosauria; Archosauria; Dinosauria; Saurischia; Theropoda; Coelurosauria; Aves; Neognathae; Passeriformes; Passeroidea; Prunellidae; Prunella,Prunella modularis modularis
Query_4562539,"gi|1838348749|ref|XM_031054154.2| PREDICTED: Melopsittacus undulatus frataxin (LOC101878652), transcript variant X4, mRNA",8.43672e-07,50,XM_031054154,Eukaryota; Metazoa; Chordata; Craniata; Vertebrata; Euteleostomi; Archelosauria; Archosauria; Dinosauria; Saurischia; Theropoda; Coelurosauria; Aves; Neognathae; Psittaciformes; Psittaculidae; Melopsittacus,Melopsittacus undulatus
Query_4562539,"gi|1838348748|ref|XM_031054153.2| PREDICTED: Melopsittacus undulatus frataxin (LOC101878652), transcript variant X3, mRNA",8.43672e-07,50,XM_031054153,Eukaryota; Metazoa; Chordata; Craniata; Vertebrata; Euteleostomi; Archelosauria; Archosauria; Dinosauria; Saurischia; Theropoda; Coelurosauria; Aves; Neognathae; Psittaciformes; Psittaculidae; Melopsittacus,Melopsittacus undulatus
Query_4562539,"gi|1838348745|ref|XM_031054151.2| PREDICTED: Melopsittacus undulatus frataxin (LOC101878652), transcript variant X1, mRNA",8.43672e-07,50,XM_031054151,Eukaryota; Metazoa; Chordata; Craniata; Vertebrata; Euteleostomi; Archelosauria; Archosauria; Dinosauria; Saurischia; Theropoda; Coelurosauria; Aves; Neognathae; Psittaciformes; Psittaculidae; Melopsittacus,Melopsittacus undulatus
Query_4562539,"gi|2582879729|emb|OY740729.1| Fringilla coelebs genome assembly, chromosome: 5",8.43672e-07,68,OY740729,Eukaryota; Metazoa; Chordata; Craniata; Vertebrata; Euteleostomi; Archelosauria; Archosauria; Dinosauria; Saurischia; Theropoda; Coelurosauria; Aves; Neognathae; Passeriformes; Passeroidea; Fringillidae; Fringillinae; Fringilla,Fringilla coelebs
Query_4562539,"gi|498923487|gb|KC750137.1| Anthus pratensis pratensis marker 5 genomic sequence; and endogenous virus endogenous virus ZHBV, complete sequence",8.43672e-07,68,KC750137,Eukaryota; Metazoa; Chordata; Craniata; Vertebrata; Euteleostomi; Archelosauria; Archosauria; Dinosauria; Saurischia; Theropoda; Coelurosauria; Aves; Neognathae; Passeriformes; Passeroidea; Motacillidae; Anthus,Anthus pratensis pratensis
Query_4562539,"gi|498923448|gb|KC750098.1| Ciconia ciconia ciconia FRY gene, partial sequence; and endogenous virus endogenous virus ZHBV, complete sequence",2.9447e-06,105,KC750098,Eukaryota; Metazoa; Chordata; Craniata; Vertebrata; Euteleostomi; Archelosauria; Archosauria; Dinosauria; Saurischia; Theropoda; Coelurosauria; Aves; Neognathae; Ciconiiformes; Ciconiidae; Ciconia,Ciconia ciconia ciconia
Query_4562539,"gi|498923494|gb|KC750144.1| Carpodacus erythrinus erythrinus marker 4 genomic sequence; and endogenous virus endogenous virus ZHBV, complete sequence",0.00152539,46,KC750144,Eukaryota; Metazoa; Chordata; Craniata; Vertebrata; Euteleostomi; Archelosauria; Archosauria; Dinosauria; Saurischia; Theropoda; Coelurosauria; Aves; Neognathae; Passeriformes; Passeroidea; Fringillidae; Carduelinae; Carpodacus,Carpodacus erythrinus erythrinus
Query_4562539,"gi|498923443|gb|KC750093.1| Alcedo atthis atthis FRY gene, intron",0.0648614,58,KC750093,Eukaryota; Metazoa; Chordata; Craniata; Vertebrata; Euteleostomi; Archelosauria; Archosauria; Dinosauria; Saurischia; Theropoda; Coelurosauria; Aves; Neognathae; Coraciiformes; Alcedinidae; Alcedo,Alcedo atthis atthis
Query_4562539,"gi|2627918816|ref|NC_084407.1| Veronica spicata voucher PS001 chloroplast, complete genome >gi|2618386455|gb|OR725702.1| Veronica spicata voucher PS001 chloroplast, complete genome",0.0648614,39,NC_084407,Eukaryota; Viridiplantae; Streptophyta; Embryophyta; Tracheophyta; Spermatophyta; Magnoliopsida; eudicotyledons; Gunneridae; Pentapetalae; asterids; lamiids; Lamiales; Plantaginaceae; Veroniceae; Veronica; Veronica subgen. Pseudolysimachium,Veronica spicata
Query_4562539,"gi|1070108507|ref|NC_031153.1| Veronica nakaiana voucher K.S. Choi 2014024 plastid, complete genome >gi|1022506144|gb|KT633216.1| Veronica nakaiana plastid, complete genome",0.0648614,39,NC_031153,Eukaryota; Viridiplantae; Streptophyta; Embryophyta; Tracheophyta; Spermatophyta; Magnoliopsida; eudicotyledons; Gunneridae; Pentapetalae; asterids; lamiids; Lamiales; Plantaginaceae; Veroniceae; Veronica; Veronica subgen. Pseudolysimachium,Veronica nakaiana
Query_4562539,"gi|2076913300|gb|MT422349.1| Veronica nakaiana chloroplast, complete genome",0.0648614,39,MT422349,Eukaryota; Viridiplantae; Streptophyta; Embryophyta; Tracheophyta; Spermatophyta; Magnoliopsida; eudicotyledons; Gunneridae; Pentapetalae; asterids; lamiids; Lamiales; Plantaginaceae; Veroniceae; Veronica; Veronica subgen. Pseudolysimachium,Veronica nakaiana
Query_4562539,"gi|1999718540|gb|MT671999.1| Veronica ovata subsp. kiusiana chloroplast, complete genome",0.0648614,39,MT671999,Eukaryota; Viridiplantae; Streptophyta; Embryophyta; Tracheophyta; Spermatophyta; Magnoliopsida; eudicotyledons; Gunneridae; Pentapetalae; asterids; lamiids; Lamiales; Plantaginaceae; Veroniceae; Veronica; Veronica subgen. Pseudolysimachium,Veronica ovata subsp. kiusiana
Query_4562539,"gi|2647781559|emb|OY997604.1| Phalacrocorax carbo genome assembly, chromosome: Z",0.226389,39,OY997604,Eukaryota; Metazoa; Chordata; Craniata; Vertebrata; Euteleostomi; Archelosauria; Archosauria; Dinosauria; Saurischia; Theropoda; Coelurosauria; Aves; Neognathae; Suliformes; Phalacrocoracidae; Phalacrocorax,Phalacrocorax carbo
Query_4562539,"gi|2647781559|emb|OY997604.1| Phalacrocorax carbo genome assembly, chromosome: Z",2.75798,38,OY997604,Eukaryota; Metazoa; Chordata; Craniata; Vertebrata; Euteleostomi; Archelosauria; Archosauria; Dinosauria; Saurischia; Theropoda; Coelurosauria; Aves; Neognathae; Suliformes; Phalacrocoracidae; Phalacrocorax,Phalacrocorax carbo
Query_4562539,"gi|2647781559|emb|OY997604.1| Phalacrocorax carbo genome assembly, chromosome: Z",2.75798,38,OY997604,Eukaryota; Metazoa; Chordata; Craniata; Vertebrata; Euteleostomi; Archelosauria; Archosauria; Dinosauria; Saurischia; Theropoda; Coelurosauria; Aves; Neognathae; Suliformes; Phalacrocoracidae; Phalacrocorax,Phalacrocorax carbo
Query_4562539,"gi|2647781559|emb|OY997604.1| Phalacrocorax carbo genome assembly, chromosome: Z",2.75798,38,OY997604,Eukaryota; Metazoa; Chordata; Craniata; Vertebrata; Euteleostomi; Archelosauria; Archosauria; Dinosauria; Saurischia; Theropoda; Coelurosauria; Aves; Neognathae; Suliformes; Phalacrocoracidae; Phalacrocorax,Phalacrocorax carbo
Query_4562539,"gi|2647781559|emb|OY997604.1| Phalacrocorax carbo genome assembly, chromosome: Z",9.62629,31,OY997604,Eukaryota; Metazoa; Chordata; Craniata; Vertebrata; Euteleostomi; Archelosauria; Archosauria; Dinosauria; Saurischia; Theropoda; Coelurosauria; Aves; Neognathae; Suliformes; Phalacrocoracidae; Phalacrocorax,Phalacrocorax carbo
Query_4562539,"gi|2647781559|emb|OY997604.1| Phalacrocorax carbo genome assembly, chromosome: Z",9.62629,31,OY997604,Eukaryota; Metazoa; Chordata; Craniata; Vertebrata; Euteleostomi; Archelosauria; Archosauria; Dinosauria; Saurischia; Theropoda; Coelurosauria; Aves; Neognathae; Suliformes; Phalacrocoracidae; Phalacrocorax,Phalacrocorax carbo
Query_4562539,"gi|2582881022|emb|OY740779.1| Aphrophora alni genome assembly, chromosome: 14",0.790174,30,OY740779,Eukaryota; Metazoa; Ecdysozoa; Arthropoda; Hexapoda; Insecta; Pterygota; Neoptera; Paraneoptera; Hemiptera; Auchenorrhyncha; Cercopoidea; Aphrophoridae; Aphrophora,Aphrophora alni
Query_4562539,"gi|2589085343|emb|OY743118.1| Acrobasis consociella genome assembly, chromosome: 14",0.790174,48,OY743118,Eukaryota; Metazoa; Ecdysozoa; Arthropoda; Hexapoda; Insecta; Pterygota; Neoptera; Endopterygota; Lepidoptera; Glossata; Ditrysia; Pyraloidea; Pyralidae; Phycitinae; Acrobasis,Acrobasis consociella
Query_4562539,"gi|2412927416|emb|OX387414.1| Anarsia innoxiella genome assembly, chromosome: 23",0.790174,36,OX387414,Eukaryota; Metazoa; Ecdysozoa; Arthropoda; Hexapoda; Insecta; Pterygota; Neoptera; Endopterygota; Lepidoptera; Glossata; Ditrysia; Gelechioidea; Gelechiidae; Anacampsinae; Anarsia,Anarsia innoxiella
Query_4562539,"gi|2328376573|ref|NC_068051.1| Veronica chamaedrys chloroplast, complete genome >gi|2317669265|gb|OL977696.1| Veronica chamaedrys chloroplast, complete genome",0.790174,42,NC_068051,Eukaryota; Viridiplantae; Streptophyta; Embryophyta; Tracheophyta; Spermatophyta; Magnoliopsida; eudicotyledons; Gunneridae; Pentapetalae; asterids; lamiids; Lamiales; Plantaginaceae; Veroniceae; Veronica; Veronica subgen. Chamaedrys,Veronica chamaedrys
Query_4562539,"gi|2127859648|ref|NC_058571.1| Veronica eriogyne chloroplast, complete genome >gi|2085765345|gb|MZ323109.1| Veronica eriogyne chloroplast, complete genome",0.790174,42,NC_058571,Eukaryota; Viridiplantae; Streptophyta; Embryophyta; Tracheophyta; Spermatophyta; Magnoliopsida; eudicotyledons; Gunneridae; Pentapetalae; asterids; lamiids; Lamiales; Plantaginaceae; Veroniceae; Veronica; Veronica subgen. Stenocarpon,Veronica eriogyne
Query_4562539,"gi|2194090741|ref|XM_046701581.1| PREDICTED: Haliotis rubra probable sodium/potassium-transporting ATPase subunit beta-3 (LOC124266781), mRNA",2.75798,29,XM_046701581,Eukaryota; Metazoa; Spiralia; Lophotrochozoa; Mollusca; Gastropoda; Vetigastropoda; Lepetellida; Haliotoidea; Haliotidae; Haliotis,Haliotis rubra
Query_4562539,gi|1395243246|gb|CP026258.1| Scophthalmus maximus chromosome 16,2.75798,43,CP026258,Eukaryota; Metazoa; Chordata; Craniata; Vertebrata; Euteleostomi; Actinopterygii; Neopterygii; Teleostei; Neoteleostei; Acanthomorphata; Carangaria; Pleuronectiformes; Pleuronectoidei; Scophthalmidae; Scophthalmus,Scophthalmus maximus
Query_4562539,"gi|2647781560|emb|OY997605.1| Phalacrocorax carbo genome assembly, chromosome: 4",2.75798,38,OY997605,Eukaryota; Metazoa; Chordata; Craniata; Vertebrata; Euteleostomi; Archelosauria; Archosauria; Dinosauria; Saurischia; Theropoda; Coelurosauria; Aves; Neognathae; Suliformes; Phalacrocoracidae; Phalacrocorax,Phalacrocorax carbo
Query_4562539,"gi|2635581604|emb|OY978267.1| Scophthalmus maximus genome assembly, chromosome: 16",2.75798,43,OY978267,Eukaryota; Metazoa; Chordata; Craniata; Vertebrata; Euteleostomi; Actinopterygii; Neopterygii; Teleostei; Neoteleostei; Acanthomorphata; Carangaria; Pleuronectiformes; Pleuronectoidei; Scophthalmidae; Scophthalmus,Scophthalmus maximus
Query_4562539,"gi|2455158792|emb|OX451232.1| Phalacrocorax aristotelis genome assembly, chromosome: W",2.75798,38,OX451232,Eukaryota; Metazoa; Chordata; Craniata; Vertebrata; Euteleostomi; Archelosauria; Archosauria; Dinosauria; Saurischia; Theropoda; Coelurosauria; Aves; Neognathae; Suliformes; Phalacrocoracidae; Phalacrocorax,Phalacrocorax aristotelis
Query_4562539,"gi|2455157489|emb|OX451226.1| Phalacrocorax aristotelis genome assembly, chromosome: Z",2.75798,38,OX451226,Eukaryota; Metazoa; Chordata; Craniata; Vertebrata; Euteleostomi; Archelosauria; Archosauria; Dinosauria; Saurischia; Theropoda; Coelurosauria; Aves; Neognathae; Suliformes; Phalacrocoracidae; Phalacrocorax,Phalacrocorax aristotelis
Query_4562539,"gi|2455157489|emb|OX451226.1| Phalacrocorax aristotelis genome assembly, chromosome: Z",2.75798,38,OX451226,Eukaryota; Metazoa; Chordata; Craniata; Vertebrata; Euteleostomi; Archelosauria; Archosauria; Dinosauria; Saurischia; Theropoda; Coelurosauria; Aves; Neognathae; Suliformes; Phalacrocoracidae; Phalacrocorax,Phalacrocorax aristotelis
Query_4562539,"gi|2455157489|emb|OX451226.1| Phalacrocorax aristotelis genome assembly, chromosome: Z",2.75798,38,OX451226,Eukaryota; Metazoa; Chordata; Craniata; Vertebrata; Euteleostomi; Archelosauria; Archosauria; Dinosauria; Saurischia; Theropoda; Coelurosauria; Aves; Neognathae; Suliformes; Phalacrocoracidae; Phalacrocorax,Phalacrocorax aristotelis
Query_4562539,"gi|2455157489|emb|OX451226.1| Phalacrocorax aristotelis genome assembly, chromosome: Z",2.75798,38,OX451226,Eukaryota; Metazoa; Chordata; Craniata; Vertebrata; Euteleostomi; Archelosauria; Archosauria; Dinosauria; Saurischia; Theropoda; Coelurosauria; Aves; Neognathae; Suliformes; Phalacrocoracidae; Phalacrocorax,Phalacrocorax aristotelis
Query_4562539,"gi|2455157489|emb|OX451226.1| Phalacrocorax aristotelis genome assembly, chromosome: Z",2.75798,38,OX451226,Eukaryota; Metazoa; Chordata; Craniata; Vertebrata; Euteleostomi; Archelosauria; Archosauria; Dinosauria; Saurischia; Theropoda; Coelurosauria; Aves; Neognathae; Suliformes; Phalacrocoracidae; Phalacrocorax,Phalacrocorax aristotelis
Query_4562539,"gi|2455157489|emb|OX451226.1| Phalacrocorax aristotelis genome assembly, chromosome: Z",9.62629,31,OX451226,Eukaryota; Metazoa; Chordata; Craniata; Vertebrata; Euteleostomi; Archelosauria; Archosauria; Dinosauria; Saurischia; Theropoda; Coelurosauria; Aves; Neognathae; Suliformes; Phalacrocoracidae; Phalacrocorax,Phalacrocorax aristotelis
Query_4562539,gi|2269539316|gb|CP100594.1| Gallus gallus breed Huxu chromosome Z,2.75798,33,CP100594,Eukaryota; Metazoa; Chordata; Craniata; Vertebrata; Euteleostomi; Archelosauria; Archosauria; Dinosauria; Saurischia; Theropoda; Coelurosauria; Aves; Neognathae; Galloanserae; Galliformes; Phasianidae; Phasianinae; Gallus,Gallus gallus
Query_4562539,"gi|2159871923|emb|OV121083.1| Phorcus lineatus genome assembly, chromosome: 3",2.75798,36,OV121083,Eukaryota; Metazoa; Spiralia; Lophotrochozoa; Mollusca; Gastropoda; Vetigastropoda; Trochida; Trochoidea; Trochidae; Cantharidinae; Phorcus,Phorcus lineatus
Query_4562539,"gi|109689974|gb|AC186349.3| Gallus gallus BAC clone CH261-146A22 from chromosome z, complete sequence",2.75798,33,AC186349,Eukaryota; Metazoa; Chordata; Craniata; Vertebrata; Euteleostomi; Archelosauria; Archosauria; Dinosauria; Saurischia; Theropoda; Coelurosauria; Aves; Neognathae; Galloanserae; Galliformes; Phasianidae; Phasianinae; Gallus,Gallus gallus
Query_4562539,"gi|2638822893|emb|OY986972.1| Narthecium ossifragum genome assembly, chromosome: 10",9.62629,31,OY986972,Eukaryota; Viridiplantae; Streptophyta; Embryophyta; Tracheophyta; Spermatophyta; Magnoliopsida; Liliopsida; Dioscoreales; Nartheciaceae; Narthecium,Narthecium ossifragum
Query_4562539,"gi|2638822884|emb|OY986963.1| Narthecium ossifragum genome assembly, chromosome: 1",9.62629,31,OY986963,Eukaryota; Viridiplantae; Streptophyta; Embryophyta; Tracheophyta; Spermatophyta; Magnoliopsida; Liliopsida; Dioscoreales; Nartheciaceae; Narthecium,Narthecium ossifragum
Query_4562539,"gi|2626278161|emb|OY856318.1| Agonopterix heracliana genome assembly, chromosome: 11",9.62629,28,OY856318,Eukaryota; Metazoa; Ecdysozoa; Arthropoda; Hexapoda; Insecta; Pterygota; Neoptera; Endopterygota; Lepidoptera; Glossata; Ditrysia; Gelechioidea; Depressariidae; Depressariinae; Agonopterix,Agonopterix heracliana
Query_4562539,"gi|2616784350|emb|OY755167.1| Watersipora subatra genome assembly, chromosome: 10",9.62629,28,OY755167,Eukaryota; Metazoa; Spiralia; Lophotrochozoa; Bryozoa; Gymnolaemata; Cheilostomatida; Flustrina; Smittinoidea; Watersiporidae; Watersipora,Watersipora subatra
Query_4562539,"gi|2616784347|emb|OY755165.1| Watersipora subatra genome assembly, chromosome: 8",9.62629,28,OY755165,Eukaryota; Metazoa; Spiralia; Lophotrochozoa; Bryozoa; Gymnolaemata; Cheilostomatida; Flustrina; Smittinoidea; Watersiporidae; Watersipora,Watersipora subatra
Query_4562539,"gi|2546774158|emb|OY293308.1| Orchestes rusci genome assembly, chromosome: 5",9.62629,46,OY293308,Eukaryota; Metazoa; Ecdysozoa; Arthropoda; Hexapoda; Insecta; Pterygota; Neoptera; Endopterygota; Coleoptera; Polyphaga; Cucujiformia; Curculionidae; Curculioninae; Rhamphini; Rhamphina; Orchestes,Orchestes rusci
Query_4562539,"gi|2523338269|emb|OX940881.1| Stratiomys singularior genome assembly, chromosome: 5",9.62629,28,OX940881,Eukaryota; Metazoa; Ecdysozoa; Arthropoda; Hexapoda; Insecta; Pterygota; Neoptera; Endopterygota; Diptera; Brachycera; Stratiomyomorpha; Stratiomyidae; Stratiomyini; Stratiomys,Stratiomys singularior
Query_4562539,"gi|2455158741|emb|OX451230.1| Phalacrocorax aristotelis genome assembly, chromosome: 8",9.62629,31,OX451230,Eukaryota; Metazoa; Chordata; Craniata; Vertebrata; Euteleostomi; Archelosauria; Archosauria; Dinosauria; Saurischia; Theropoda; Coelurosauria; Aves; Neognathae; Suliformes; Phalacrocoracidae; Phalacrocorax,Phalacrocorax aristotelis
Query_4562539,"gi|2455157636|emb|OX451227.1| Phalacrocorax aristotelis genome assembly, chromosome: 5",9.62629,31,OX451227,Eukaryota; Metazoa; Chordata; Craniata; Vertebrata; Euteleostomi; Archelosauria; Archosauria; Dinosauria; Saurischia; Theropoda; Coelurosauria; Aves; Neognathae; Suliformes; Phalacrocoracidae; Phalacrocorax,Phalacrocorax aristotelis
Query_4562539,"gi|2390895746|emb|OX381654.1| Haliaeetus albicilla genome assembly, chromosome: 17",9.62629,40,OX381654,Eukaryota; Metazoa; Chordata; Craniata; Vertebrata; Euteleostomi; Archelosauria; Archosauria; Dinosauria; Saurischia; Theropoda; Coelurosauria; Aves; Neognathae; Accipitriformes; Accipitridae; Accipitrinae; Haliaeetus,Haliaeetus albicilla
Query_4562539,"gi|2099744648|emb|OU618542.1| Eilema sororculum genome assembly, chromosome: 10",9.62629,30,OU618542,Eukaryota; Metazoa; Ecdysozoa; Arthropoda; Hexapoda; Insecta; Pterygota; Neoptera; Endopterygota; Lepidoptera; Glossata; Ditrysia; Noctuoidea; Erebidae; Arctiinae; Eilema,Eilema sororculum
Query_4562539,"gi|2076208776|emb|OU452249.1| Furcula furcula genome assembly, chromosome: 7",9.62629,31,OU452249,Eukaryota; Metazoa; Ecdysozoa; Arthropoda; Hexapoda; Insecta; Pterygota; Neoptera; Endopterygota; Lepidoptera; Glossata; Ditrysia; Noctuoidea; Notodontidae; Stauropinae; Furcula,Furcula furcula
Query_4562539,gi|1951380373|ref|XR_005447082.1| Micropterus salmoides isolate LMB-PRFRI chromosome Unknown,9.62629,36,XR_005447082,Eukaryota; Metazoa; Chordata; Craniata; Vertebrata; Euteleostomi; Actinopterygii; Neopterygii; Teleostei; Neoteleostei; Acanthomorphata; Eupercaria; Centrarchiformes; Centrarchoidei; Centrarchidae; Micropterus,Micropterus salmoides
Query_4562539,"gi|2636208792|emb|OY982575.1| Euplagia quadripunctaria genome assembly, chromosome: 16",9.62629,32,OY982575,Eukaryota; Metazoa; Ecdysozoa; Arthropoda; Hexapoda; Insecta; Pterygota; Neoptera; Endopterygota; Lepidoptera; Glossata; Ditrysia; Noctuoidea; Erebidae; Arctiinae; Callimorphini; Euplagia,Euplagia quadripunctaria
Query_4562539,"gi|2618200081|emb|OY757528.1| Plagiodera versicolora genome assembly, chromosome: 5",9.62629,29,OY757528,Eukaryota; Metazoa; Ecdysozoa; Arthropoda; Hexapoda; Insecta; Pterygota; Neoptera; Endopterygota; Coleoptera; Polyphaga; Cucujiformia; Chrysomeloidea; Chrysomelidae; Chrysomelinae; Chrysomelini; Plagiodera,Plagiodera versicolora
Query_4562539,"gi|2520928711|dbj|AP028278.1| Trilocha varians NBRP DNA, chromosome A3, sequence",9.62629,26,AP028278,Eukaryota; Metazoa; Ecdysozoa; Arthropoda; Hexapoda; Insecta; Pterygota; Neoptera; Endopterygota; Lepidoptera; Glossata; Ditrysia; Bombycoidea; Bombycidae; Bombycinae; Trilocha,Trilocha varians
Query_4562539,"gi|2520928710|dbj|AP028277.1| Trilocha varians NBRP DNA, chromosome A2, sequence",9.62629,26,AP028277,Eukaryota; Metazoa; Ecdysozoa; Arthropoda; Hexapoda; Insecta; Pterygota; Neoptera; Endopterygota; Lepidoptera; Glossata; Ditrysia; Bombycoidea; Bombycidae; Bombycinae; Trilocha,Trilocha varians
Query_4562539,"gi|2520928710|dbj|AP028277.1| Trilocha varians NBRP DNA, chromosome A2, sequence",9.62629,26,AP028277,Eukaryota; Metazoa; Ecdysozoa; Arthropoda; Hexapoda; Insecta; Pterygota; Neoptera; Endopterygota; Lepidoptera; Glossata; Ditrysia; Bombycoidea; Bombycidae; Bombycinae; Trilocha,Trilocha varians
Query_4562539,"gi|2520928705|dbj|AP028274.1| Trilocha varians NBRP DNA, chromosome 26, sequence",9.62629,26,AP028274,Eukaryota; Metazoa; Ecdysozoa; Arthropoda; Hexapoda; Insecta; Pterygota; Neoptera; Endopterygota; Lepidoptera; Glossata; Ditrysia; Bombycoidea; Bombycidae; Bombycinae; Trilocha,Trilocha varians
Query_4562539,"gi|2507491289|emb|OX621292.1| Eptesicus nilssonii genome assembly, chromosome: 13",9.62629,26,OX621292,Eukaryota; Metazoa; Chordata; Craniata; Vertebrata; Euteleostomi; Mammalia; Eutheria; Laurasiatheria; Chiroptera; Microchiroptera; Vespertilionidae; Eptesicus,Eptesicus nilssonii
